metric,point,cell_boot_lo,cell_boot_hi,dataset_cluster_lo,dataset_cluster_hi
anchor_dEO2,-0.0012002923471135687,-0.0024003595295014886,-0.000344789876095143,-0.002581084399901359,-0.00033222981101501954
anchor_dAUC,0.0007796320807327442,-0.00012201091470046574,0.001730709724650806,-0.0003672168124850697,0.0017971759549730581
anchor_dLogLoss,-0.0035537567537900286,-0.005851458663761402,-0.001286269404724032,-0.006428796732774024,-0.000948738095581754
anchor_tail,0.004166666666666667,0.0,0.009722222222222222,0.0,0.009722222222222222
random5_fair_win,0.6444444444444445,0.6097222222222223,0.6791666666666667,0.5874999999999999,0.7083333333333334
random5_guarded_win,0.5236111111111111,0.4875,0.5611111111111111,0.4555555555555555,0.5944444444444444
random5_dEO2,-0.000535193509277777,-0.0019402559413190916,0.0010583867741656046,-0.0008518661972398568,-0.00023315279799295698
random5_dAUC,0.011063438157390934,0.009382782922729737,0.012779858207941678,0.009175050905344569,0.013229487903868506
random5_dLogLoss,-0.013532936766640049,-0.016378534779121,-0.010790561391507312,-0.017655338840894635,-0.009264356877194412
